date,open,high,low,close,volume,amount,outstanding_share,turnover
2023-01-03,49.42,50.18,48.55,49.37,1294507.0,64104140.0,195895014.99999997,0.0066081671348298485
2023-01-04,49.8,53.18,49.02,51.3,2676500.0,137841700.0,195895014.99999997,0.013662930626386793
2023-01-05,51.1,54.3,51.0,52.16,3042516.0,160876819.0,195895014.99999997,0.015531359999130148
2023-01-06,51.86,53.17,50.87,51.9,2061980.0,107118921.0,195895014.99999997,0.010525944215578942
2023-01-09,51.58,51.78,50.2,50.64,1776108.0,90102604.0,195895014.99999997,0.009066631940583074
2023-01-10,50.45,52.63,50.02,52.22,2478938.0,128304137.0,195895014.99999997,0.012654421042822352
2023-01-11,52.22,54.5,51.61,53.51,2520278.0,135051316.0,195895014.99999997,0.012865452446556644
2023-01-12,53.52,54.23,52.67,53.73,1382228.0,73894798.0,195895014.99999997,0.0070559631137117
2023-01-13,53.73,55.28,53.1,54.39,1239848.0,67545200.0,195895014.99999997,0.006329145231184163
2023-01-16,54.7,55.44,51.76,52.82,3554426.0,189588292.0,195895014.99999997,0.01814454543419597
2023-01-17,53.06,53.26,51.56,52.1,1634972.0,85447155.0,195895014.99999997,0.008346164398313047
2023-01-18,52.11,52.35,50.6,51.06,1107200.0,56976759.0,195895014.99999997,0.00565200702018885
2023-01-19,51.51,52.8,50.4,52.1,1339300.0,69377599.0,195895014.99999997,0.006836825327076344
2023-01-20,51.97,52.72,50.64,51.34,1286700.0,66299775.0,195895014.99999997,0.00656831415541636
2023-01-30,51.6,52.79,50.71,50.79,1062200.0,54769834.0,195771372.0,0.005425716687524671
2023-01-31,51.1,51.4,49.75,50.11,1770469.0,88886266.0,195771372.0,0.00904355413109124
2023-02-01,50.7,51.04,49.66,50.3,2255060.0,113281979.0,195771372.0,0.0115188445428068
2023-02-02,50.26,50.9,49.68,50.1,1499333.0,75233797.0,195771372.0,0.007658591676008687
2023-02-03,50.25,50.6,49.02,49.79,1373000.0,68045443.0,195771372.0,0.0070132828205341485
2023-02-06,49.26,49.51,48.2,48.7,1629360.0,79398024.0,195771372.0,0.00832276948030992
2023-02-07,49.08,49.49,48.27,48.95,1053468.0,51422489.0,195771372.0,0.005381113639025833
2023-02-08,48.7,49.49,48.0,48.54,1571410.0,76440998.0,195771372.0,0.008026760930091454
2023-02-09,48.39,49.48,48.06,49.31,1013668.0,49726852.0,195771372.0,0.005177815273215739
2023-02-10,49.32,50.54,49.0,49.96,1602300.0,79637040.0,195771372.0,0.00818454702355562
2023-02-13,49.92,53.47,49.66,52.43,3336658.0,174292348.0,195771372.0,0.017043646197667756
2023-02-14,52.8,52.85,50.35,50.79,1859428.0,94920810.0,195771372.0,0.009497956626671647
2023-02-15,50.79,51.11,49.58,50.32,1155618.0,58196946.0,195771372.0,0.005902895751274604
2023-02-16,50.76,50.76,49.37,49.5,1172595.0,58398370.0,195771372.0,0.005989614252690633
2023-02-17,49.33,50.15,49.3,49.87,914598.0,45512651.0,195771372.0,0.004671765798321115
2023-02-20,50.0,50.59,48.7,49.52,1032882.0,51232134.0,195771372.0,0.005275960368710089
2023-02-21,49.27,49.89,48.44,48.62,1646780.0,80591256.0,195771372.0,0.008411750825345394
2023-02-22,48.66,50.14,48.5,49.38,1132900.0,55973750.0,195771372.0,0.00578685222679034
2023-02-23,49.1,50.19,48.62,49.2,605999.0,29848525.0,195771372.0,0.0030954423714208835
2023-02-24,49.5,49.5,48.81,48.88,418789.0,20558063.0,195771372.0,0.0021391738522422983
2023-02-27,48.87,49.37,48.0,48.38,758912.0,36791485.0,195771372.0,0.0038765218440620624
2023-02-28,48.28,49.35,48.25,49.1,612650.0,29929271.0,196281116.0,0.0031212885502444362
2023-03-01,49.11,49.49,47.85,48.36,1178183.0,57004263.0,196281116.0,0.006002528536672881
2023-03-02,48.08,50.1,48.06,49.0,1941864.0,95419122.0,196281116.0,0.009893279799774524
2023-03-03,49.0,50.4,48.8,50.11,1830695.0,91424869.0,196281116.0,0.009326903358344468
2023-03-06,50.39,52.8,49.5,52.31,3177628.0,165118665.0,196281116.0,0.016189168192828087
2023-03-07,52.63,53.76,52.31,53.1,2630746.0,139673586.0,196281116.0,0.013402950083083898
2023-03-08,53.12,53.98,52.26,53.0,984246.0,52091462.0,196281116.0,0.005014471183259423
2023-03-09,53.08,53.25,51.57,51.8,1337979.0,69867217.0,196281116.0,0.006816646589680079
2023-03-10,51.47,52.3,51.4,51.96,1023783.0,53129998.0,196281116.0,0.00521590166626116
2023-03-13,51.97,52.44,50.72,51.22,1651379.0,84956645.0,196281116.0,0.00841333610514014
2023-03-14,51.23,51.47,49.66,49.9,719079.0,36211068.0,196281116.0,0.0036635159543315413
2023-03-15,49.9,50.38,43.43,44.44,7132969.0,324578380.0,196281116.0,0.03634057695086673
2023-03-16,44.21,44.82,43.04,43.31,3801200.0,165753611.0,196281116.0,0.019366101423633642
2023-03-17,43.35,44.58,42.05,42.31,3037685.0,130140878.0,196281116.0,0.015476195886312364
2023-03-20,42.45,42.5,40.0,41.45,2988567.0,122885783.0,196281116.0,0.015225952760529444
2023-03-21,41.5,44.84,40.99,43.98,3377840.0,146346773.0,196281116.0,0.017209194999686064
2023-03-22,44.09,45.3,42.6,42.64,1892009.0,82923296.0,196281116.0,0.009639281855316126
2023-03-23,42.64,43.4,42.01,42.73,1386100.0,59149787.0,196281116.0,0.007061810266047193
2023-03-24,43.05,44.34,42.3,43.45,1624000.0,71010744.0,196281116.0,0.00827384739344971
2023-03-27,43.76,43.76,42.5,42.87,1413458.0,60622287.0,196281116.0,0.007201191988331674
2023-03-28,43.01,43.87,42.75,43.37,1071882.0,46490629.0,196281116.0,0.005460953258488707
2023-03-29,43.37,44.38,42.7,43.2,1420300.0,61905037.0,196281116.0,0.007236050155736837
2023-03-30,43.2,44.0,42.75,43.65,1162000.0,50431697.0,196281116.0,0.005920080462554533
2023-03-31,43.64,44.91,43.36,44.45,1297900.0,57600965.0,196281116.0,0.006612454761058114
2023-04-03,44.9,45.09,44.0,44.48,1143000.0,50998910.0,196281116.0,0.005823280523838065
2023-04-04,44.92,44.92,43.55,43.78,984728.0,43230195.0,196281116.0,0.005016926844862651
2023-04-06,43.8,44.39,42.69,42.85,1022700.0,44130136.0,196281116.0,0.0052103840697543214
2023-04-07,43.37,43.93,42.9,43.4,1186400.0,51613657.0,196281116.0,0.006044391962800945
2023-04-10,43.19,43.51,42.7,42.7,1346574.0,58021110.0,196281116.0,0.006860435825115239
2023-04-11,42.96,43.4,42.49,43.07,1214061.0,52216201.0,196281116.0,0.006185317389371273
2023-04-12,43.47,43.47,41.0,41.24,2516233.0,104597142.0,196281116.0,0.012819536852439743
2023-04-13,41.31,43.24,41.31,42.85,3153484.0,133870833.0,196281116.0,0.01606616094438754
2023-04-14,43.0,43.15,41.38,41.66,1556365.0,65501329.0,196281116.0,0.007929265085287166
2023-04-17,41.9,43.58,41.8,42.3,1738358.0,73904325.0,196281116.0,0.008856470940383282
2023-04-18,42.47,42.53,41.52,41.6,1147135.0,47935389.0,196281116.0,0.005844347247342938
2023-04-19,41.45,41.97,40.41,41.08,1603000.0,65765113.0,196281116.0,0.008166857987499929
2023-04-20,41.18,41.95,40.5,41.16,977107.0,40258879.0,196281116.0,0.004978099879970114
2023-04-21,41.1,41.73,40.22,40.47,1090600.0,44452602.0,196281116.0,0.005556316482325279
2023-04-24,40.3,40.56,39.31,39.9,1641155.0,65453235.0,196281116.0,0.008361247548643447
2023-04-25,40.71,40.71,38.52,39.15,1727025.0,67784339.0,196281116.0,0.008798732324305716
2023-04-26,39.73,41.48,39.4,39.91,1440429.0,58387844.0,196281116.0,0.007338602048706509
2023-04-27,39.8,41.09,39.8,40.44,1174900.0,47442157.0,196281116.0,0.005985802526209398
2023-04-28,38.86,42.08,38.2,40.72,4139081.0,166851726.0,196281116.0,0.021087515112763064
2023-05-04,40.17,40.51,37.97,38.37,2729825.0,105372421.0,196281116.0,0.013907731195088579
2023-05-05,38.93,38.93,37.71,38.35,1240200.0,47274522.0,196281116.0,0.00631848863137705
2023-05-08,38.36,38.78,37.71,38.17,817162.0,31138406.0,196281116.0,0.004163222711654034
2023-05-09,37.91,38.78,37.39,37.4,1193350.0,45117588.0,196281116.0,0.006079800361436706
2023-05-10,37.4,37.87,36.73,37.38,964400.0,35920768.0,196281116.0,0.004913361099903263
2023-05-11,37.84,38.8,36.85,37.63,1440793.0,54779232.0,196281116.0,0.007340456531742972
2023-05-12,37.7,38.09,36.88,37.27,1729400.0,64505273.0,196281116.0,0.008810832316645275
2023-05-15,37.46,37.66,36.09,36.6,2647251.0,96684935.0,196281116.0,0.013487038661426807
2023-05-16,36.51,36.69,35.71,36.0,2633400.0,95036247.0,196281116.0,0.013416471506102503
2023-05-17,35.83,36.32,35.54,35.94,858600.0,30811075.0,196281116.0,0.004374338283261035
2023-05-18,35.8,36.26,35.33,35.61,1453651.0,51823030.0,196281116.0,0.007405964616585938
2023-05-19,35.48,36.48,35.08,36.15,1360100.0,48808931.0,196281116.0,0.006929347192014132
2023-05-22,36.15,36.85,35.79,36.6,1021200.0,37273312.0,196281116.0,0.005202741969329337
2023-05-23,36.44,36.47,35.41,35.51,1397300.0,49906751.0,196281116.0,0.007118871282553743
2023-05-24,35.51,35.51,34.76,34.91,952888.0,33452875.0,196281116.0,0.004854710526508317
2023-05-25,34.92,35.3,34.25,34.79,929135.0,32164639.0,196281116.0,0.004733695318911882
2023-05-26,34.9,34.92,34.16,34.35,731900.0,25165248.0,196281116.0,0.003728835534030691
2023-05-29,34.27,34.6,33.61,33.95,1913200.0,64956213.0,196281116.0,0.00974724435538669
2023-05-30,34.18,34.4,33.36,33.95,942000.0,31807676.0,196281116.0,0.004799239066890164
2023-05-31,33.98,34.68,33.64,34.1,964700.0,32925599.0,196281116.0,0.00491488951998826
2023-06-01,34.0,35.0,33.67,34.32,1211991.0,41756092.0,196281116.0,0.006174771290784795
2023-06-02,34.6,35.78,33.91,34.82,2874894.0,100942096.0,196281116.0,0.01464681910612328
2023-06-05,34.82,35.3,33.74,34.0,1675200.0,57259959.0,196281116.0,0.008534697754622508
2023-06-06,33.9,34.4,32.95,33.06,1741921.0,58365416.0,196281116.0,0.008874623476259428
2023-06-07,32.95,33.42,32.81,33.2,1087400.0,36033318.0,196281116.0,0.005540013334751979
2023-06-08,32.91,33.57,32.32,32.38,1579800.0,51526627.0,196281116.0,0.008048660167593504
2023-06-09,32.51,32.69,31.86,32.34,1821209.0,58793887.0,196281116.0,0.009278574715256867
2023-06-12,32.37,33.87,32.07,33.22,3311389.0,109664770.0,196281116.0,0.01687064485612564
2023-06-13,33.23,34.42,33.0,33.56,2316928.0,77912667.0,196281116.0,0.011804130968972074
2023-06-14,33.56,37.64,33.56,36.2,9512550.0,342953764.0,196281116.0,0.04846390826512317
2023-06-15,36.16,39.49,36.16,38.8,9444760.0,362731010.0,196281116.0,0.048118536273250044
2023-06-16,38.06,38.92,36.92,37.85,5204243.0,197296784.0,196281116.0,0.02651423176134784
2023-06-19,37.63,38.89,37.09,37.28,5208484.0,196097069.0,196281116.0,0.02653583852661608
2023-06-20,38.03,38.25,36.47,36.62,3594565.0,133387225.0,196281116.0,0.018313351142755882
2023-06-21,36.24,36.86,35.58,35.72,3349001.0,120750445.0,196281116.0,0.017062267976915315
2023-06-26,35.6,35.7,34.35,35.05,2383809.0,83449366.0,196281116.0,0.012144871847987659
2023-06-27,35.0,36.99,34.31,36.35,3439585.0,123471371.0,196281116.0,0.017523769326846503
2023-06-28,36.21,36.41,35.21,35.6,2142400.0,76451807.0,196281116.0,0.010914957300324296
2023-06-29,35.44,35.87,33.59,33.7,2905000.0,99144719.0,196281116.0,0.014800201156386333
2023-06-30,33.57,36.06,33.26,35.37,3692733.0,128985169.0,196281116.0,0.018813490952435792
2023-07-03,35.4,36.8,34.13,35.82,2583652.0,92266900.0,196281116.0,0.013163018698141089
2023-07-04,35.7,36.49,35.3,36.27,1780085.0,64190449.0,196281116.0,0.009069058890005496
2023-07-05,36.01,36.17,34.71,34.88,1424077.0,50139461.0,196281116.0,0.007255292964606946
2023-07-06,35.2,35.29,34.11,34.27,1618171.0,55820614.0,196281116.0,0.00824415019119822
2023-07-07,34.2,34.39,33.0,33.08,2163505.0,72122550.0,196281116.0,0.011022481653303825
2023-07-10,34.23,35.37,33.12,34.88,2828184.0,98161510.0,196281116.0,0.014408844098889269
2023-07-11,34.62,36.53,34.42,36.18,2556700.0,91336732.0,196281116.0,0.01302570543770497
2023-07-12,36.2,37.65,35.25,36.95,3481322.0,127969216.0,196281116.0,0.017736408223804883
2023-07-13,36.86,37.5,36.36,36.7,2372188.0,87161149.0,196281116.0,0.012085665948628496
2023-07-14,36.78,37.06,35.4,35.59,2903418.0,103968196.0,196281116.0,0.014792141287804783
2023-07-17,35.82,36.0,34.39,34.5,1429900.0,49886446.0,196281116.0,0.007284959598456736
2023-07-18,34.51,34.58,33.7,33.98,1378700.0,46853334.0,196281116.0,0.007024109237283937
2023-07-19,34.11,34.16,33.33,33.71,1287700.0,43234502.0,196281116.0,0.006560488478168221
2023-07-20,35.38,35.82,33.64,34.2,3769919.0,130394685.0,196281116.0,0.01920673306137102
2023-07-21,33.94,35.8,33.83,35.06,3021316.0,105642568.0,196281116.0,0.015392800191741319
2023-07-24,35.14,36.94,34.3,36.69,4112304.0,148793877.0,196281116.0,0.02095109343070986
2023-07-25,38.48,41.38,38.11,38.5,9398696.0,370249437.0,196281116.0,0.0478838524639324
2023-07-26,38.58,39.49,36.5,37.48,5992735.0,224412828.0,196281116.0,0.03053138846021234
2023-07-27,37.13,37.48,36.3,36.43,2709871.0,99691691.0,196281116.0,0.013806070880501821
2023-07-28,36.62,38.22,35.61,38.13,4051420.0,150074482.0,196281116.0,0.02064090566919336
2023-07-31,37.82,38.42,36.61,37.41,4328664.0,161357688.0,196281116.0,0.0220533899960096
2023-08-01,37.16,37.33,36.12,36.36,2118648.0,77278425.0,196281116.0,0.010793947187461477
2023-08-02,36.07,36.36,34.59,35.15,3653669.0,128950981.0,196281116.0,0.01861447027843473
2023-08-03,34.81,37.1,34.81,36.3,3720367.0,133872933.0,196281116.0,0.01895427882119847
2023-08-04,36.3,38.3,36.3,37.8,3694189.0,138710356.0,196281116.0,0.01882090888458164
2023-08-07,37.59,37.69,36.41,37.34,2962800.0,109582270.0,196281116.0,0.015094676759429063
2023-08-08,37.21,37.43,36.66,36.81,1196593.0,44149166.0,196281116.0,0.006096322582555522
2023-08-09,36.78,37.08,36.26,36.57,1247900.0,45681834.0,196281116.0,0.006357718080225303
2023-08-10,36.7,37.09,36.25,36.79,1233496.0,45152344.0,196281116.0,0.006284333537210987
2023-08-11,36.69,37.18,35.38,35.41,1797833.0,65055655.0,196281116.0,0.009159480222233911
2023-08-14,35.05,38.0,34.58,37.6,4119865.0,151135616.0,196281116.0,0.0209896147115854
2023-08-15,37.2,37.61,36.27,37.1,1652900.0,60839820.0,196281116.0,0.008421085194971074
2023-08-16,36.85,37.31,36.05,36.75,1663078.0,61004905.0,196281116.0,0.008472939393721401
2023-08-17,36.77,37.28,35.8,36.68,1588900.0,58150657.0,196281116.0,0.008095022243505076
2023-08-18,36.68,36.68,35.53,35.56,1244237.0,44797242.0,196281116.0,0.006339056070987491
2023-08-21,35.56,35.57,34.75,35.04,964400.0,33905584.0,196281116.0,0.004913361099903263
2023-08-22,34.91,35.2,33.23,34.1,2122500.0,72317533.0,196281116.0,0.010813572101352838
2023-08-23,34.1,34.55,33.38,34.05,1382200.0,46970114.0,196281116.0,0.007041940804942234
2023-08-24,34.0,35.58,33.66,34.8,1336141.0,46589942.0,196281116.0,0.006807282469292665
2023-08-25,34.28,34.39,32.24,32.65,3064589.0,100988777.0,196281116.0,0.015613264599534884
2023-08-28,34.52,34.93,31.35,31.55,2844856.0,92321132.0,196281116.0,0.014493783497746162
2023-08-29,31.5,32.5,30.92,32.11,3284013.0,104099913.0,196281116.0,0.01673117142863606
2023-08-30,32.13,32.58,31.26,31.89,2176900.0,69223305.0,196281116.0,0.011090725610098936
2023-08-31,31.67,32.32,31.0,31.91,1792500.0,56916993.0,196281116.0,0.009132310007856283
2023-09-01,31.71,32.25,31.5,31.64,1260500.0,40040557.0,196281116.0,0.006421911723795171
2023-09-04,32.08,33.39,31.9,33.09,3015900.0,98731676.0,196281116.0,0.01536520711447351
2023-09-05,33.0,34.19,32.89,33.97,2538837.0,85795433.0,196281116.0,0.012934698211110639
2023-09-06,33.73,35.35,33.7,34.9,2294700.0,79577915.0,196281116.0,0.01169088523014104
2023-09-07,35.16,35.2,33.8,33.91,1868100.0,64015787.0,196281116.0,0.009517471869275493
2023-09-08,33.8,34.12,32.86,33.55,1205999.0,40378257.0,196281116.0,0.006144243646953791
2023-09-11,33.56,33.8,32.89,33.45,1476065.0,49242117.0,196281116.0,0.00752015797586967
2023-09-12,33.46,33.47,32.85,32.95,788988.0,26091483.0,196281116.0,0.004019683686738362
2023-09-13,32.68,33.28,32.26,32.54,672900.0,21925259.0,196281116.0,0.0034282462506479735
2023-09-14,32.38,32.6,31.88,32.35,765800.0,24626729.0,196281116.0,0.003901547003635337
2023-09-15,32.46,33.58,32.12,32.97,1268400.0,41889574.0,196281116.0,0.006462160119366756
2023-09-18,33.15,34.8,32.75,34.6,2365000.0,80558543.0,196281116.0,0.012049045003391972
2023-09-19,34.65,34.77,32.9,33.35,1786451.0,59681228.0,196281116.0,0.009101491964209129
2023-09-20,33.27,33.29,32.51,32.52,817700.0,26769490.0,196281116.0,0.004165963678339795
2023-09-21,32.36,32.8,31.55,31.89,1086179.0,34811142.0,196281116.0,0.005533792665006042
2023-09-22,31.89,32.97,31.67,32.8,1082158.0,35087229.0,196281116.0,0.005513306741133467
2023-09-25,32.9,32.9,32.0,32.09,1234700.0,39951108.0,196281116.0,0.006290467596485441
2023-09-26,32.0,32.38,31.69,31.86,918300.0,29375117.0,196281116.0,0.0046784938801754114
2023-09-27,31.97,32.65,31.87,32.16,1170538.0,37733189.0,196281116.0,0.005963579298173544
2023-09-28,32.16,32.85,31.33,31.61,1148400.0,36413425.0,196281116.0,0.005850792085368008
2023-10-09,31.65,32.53,31.08,32.43,1355776.0,43210598.0,196281116.0,0.00690731756385571
2023-10-10,32.38,32.66,31.75,31.81,1071600.0,34314231.0,196281116.0,0.005459516543608811
2023-10-11,31.98,32.84,31.86,32.34,1030900.0,33375508.0,196281116.0,0.005252160885410902
2023-10-12,32.35,34.26,32.35,33.67,2427988.0,81491048.0,196281116.0,0.012369952084437913
2023-10-13,33.45,33.91,33.08,33.67,1083800.0,36320291.0,196281116.0,0.005521672293732016
2023-10-16,33.88,33.88,32.43,32.74,1225000.0,40311424.0,196281116.0,0.0062410486804038755
2023-10-17,32.7,33.3,32.7,33.21,676500.0,22329721.0,196281116.0,0.003446587291667936
2023-10-18,33.27,33.27,31.92,32.17,666500.0,21593680.0,196281116.0,0.003395639955501374
2023-10-19,31.99,33.1,31.65,32.52,1053700.0,34299228.0,196281116.0,0.005368320811870664
2023-10-20,32.34,33.09,31.33,31.54,1650400.0,52506028.0,196281116.0,0.008408348360929433
2023-10-23,31.54,31.54,29.64,29.8,1638200.0,49427284.0,196281116.0,0.008346192610806227
2023-10-24,30.07,30.58,29.45,30.39,1399200.0,42230101.0,196281116.0,0.00712855127642539
2023-10-25,30.92,31.43,29.82,30.15,1455599.0,44464227.0,196281116.0,0.007415889157671184
2023-10-26,30.15,30.38,29.4,29.63,1187200.0,35330825.0,196281116.0,0.00604846774969427
2023-10-27,29.56,31.16,29.13,30.99,2131700.0,64474678.0,196281116.0,0.010860443650626075
2023-10-30,30.2,31.06,29.38,30.91,2677176.0,80888218.0,196281116.0,0.013639498564905246
2023-10-31,30.79,30.9,29.93,30.17,1555300.0,47051845.0,196281116.0,0.007923839193985427
2023-11-01,30.18,30.59,29.89,30.25,1218000.0,36802485.0,196281116.0,0.006205385545087282
2023-11-02,30.8,30.8,29.78,29.97,1304849.0,39202943.0,196281116.0,0.006647858064960258
2023-11-03,29.92,30.94,29.88,30.62,1556576.0,47585016.0,196281116.0,0.00793034007408028
2023-11-06,30.6,31.62,30.6,31.46,2443649.0,76473345.0,196281116.0,0.012449740707608367
2023-11-07,31.61,31.61,30.19,31.33,2273900.0,70218653.0,196281116.0,0.011584914770914589
2023-11-08,31.69,31.81,31.1,31.24,1880200.0,59009850.0,196281116.0,0.009579118146037034
2023-11-09,31.15,31.3,30.38,30.67,1987900.0,61034646.0,196281116.0,0.010127820956550909
2023-11-10,30.51,30.52,29.93,30.37,1639888.0,49555637.0,196281116.0,0.008354792521151143
2023-11-13,30.49,30.7,29.8,30.16,1439170.0,43438010.0,196281116.0,0.007332187779083139
2023-11-14,30.16,30.77,30.03,30.69,2188200.0,66647510.0,196281116.0,0.011148296099967151
2023-11-15,30.84,31.1,30.24,30.51,1745171.0,53331891.0,196281116.0,0.00889118136051356
2023-11-16,30.32,30.61,30.15,30.32,1235200.0,37552615.0,196281116.0,0.006293014963293769
2023-11-17,30.31,30.78,30.09,30.69,1207200.0,36786023.0,196281116.0,0.006150362422027394
2023-11-20,30.66,30.97,30.33,30.65,2052332.0,62760713.0,196281116.0,0.010456084832939304
2023-11-21,30.46,31.24,30.46,30.79,2505600.0,77427966.0,196281116.0,0.012765364549893837
2023-11-22,30.9,31.04,30.57,30.66,1673500.0,51593281.0,196281116.0,0.008526036707474193
2023-11-23,30.76,32.36,30.38,32.11,3579100.0,113131531.0,196281116.0,0.018234561087374295
2023-11-24,32.13,32.26,31.2,31.41,1746400.0,55103892.0,196281116.0,0.00889744278812843
2023-11-27,31.37,32.75,31.04,32.24,3054306.0,97328869.0,196281116.0,0.015560875453754808
2023-11-28,32.3,32.42,31.82,32.01,1754208.0,56231120.0,196281116.0,0.008937222468207284
2023-11-29,32.1,32.4,31.6,32.22,1477376.0,47341204.0,196281116.0,0.0075268371716411065
2023-11-30,31.81,32.99,31.62,32.83,2684583.0,87528084.0,196281116.0,0.013677235256803817
2023-12-01,32.6,33.27,32.28,32.91,2079183.0,67983513.0,196281116.0,0.01059288352528014
2023-12-04,32.95,32.95,31.95,32.6,1432800.0,46354955.0,196281116.0,0.007299734325945039
2023-12-05,32.55,32.87,32.2,32.52,989424.0,32203682.0,196281116.0,0.005040851713926469
2023-12-06,32.13,32.59,31.95,32.5,1008500.0,32594089.0,196281116.0,0.005138038852397803
2023-12-07,32.37,32.59,31.81,32.03,1034292.0,33154737.0,196281116.0,0.0052694422218386005
2023-12-08,32.34,32.54,31.77,32.35,1191400.0,38481759.0,196281116.0,0.006069865630884227
2023-12-11,32.35,32.86,32.02,32.47,1498100.0,48668465.0,196281116.0,0.007632420431112691
2023-12-12,32.49,32.93,32.27,32.63,1505950.0,49178081.0,196281116.0,0.007672414090003442
2023-12-13,32.66,32.68,30.45,30.6,2555039.0,80507928.0,196281116.0,0.013017243085167704
2023-12-14,30.85,31.65,30.5,30.9,1737924.0,54185945.0,196281116.0,0.008854259825993653
2023-12-15,30.95,31.41,30.25,30.41,2631481.0,81274003.0,196281116.0,0.013406694712292139
2023-12-18,30.38,30.65,28.81,28.97,2508164.0,74332742.0,196281116.0,0.012778427446886944
2023-12-19,28.98,29.29,28.4,28.69,1318254.0,37814854.0,196281116.0,0.006716152969091535
2023-12-20,28.79,28.89,27.95,27.95,1098456.0,31077301.0,196281116.0,0.00559634070961773
2023-12-21,28.8,29.47,28.3,29.23,3590933.0,103742196.0,196281116.0,0.018294847070260186
2023-12-22,28.85,29.03,27.6,27.64,3097470.0,87469012.0,196281116.0,0.015780784535584156
2023-12-25,27.64,28.23,27.44,27.65,1878704.0,52327380.0,196281116.0,0.009571496424546517
2023-12-26,27.69,27.87,26.81,27.02,1460700.0,39600967.0,196281116.0,0.0074418773938497475
2023-12-27,27.02,27.27,26.58,26.85,1409727.0,37939148.0,196281116.0,0.00718218353720793
2023-12-28,26.85,27.73,26.62,27.5,2275030.0,61914628.0,196281116.0,0.011590671819901411
2023-12-29,27.5,27.8,27.31,27.62,1730740.0,47724836.0,196281116.0,0.008817659259691595
2024-01-02,27.61,27.95,27.31,27.31,1733161.0,47721138.0,196281116.0,0.00882999360977752
2024-01-03,27.24,27.37,25.89,26.05,2887509.0,76279061.0,196281116.0,0.014711089170697399
2024-01-04,26.08,26.16,25.54,25.99,1746726.0,45240716.0,196281116.0,0.008899103671287462
2024-01-05,25.98,26.17,25.15,25.33,1985538.0,50775788.0,196281116.0,0.010115787195748367
2024-01-08,25.42,25.8,25.1,25.1,2075680.0,52947879.0,196281116.0,0.010575036673420992
2024-01-09,25.15,26.09,24.93,25.67,2691215.0,69020793.0,196281116.0,0.013711023530149483
2024-01-10,25.67,26.08,24.95,25.64,2202371.0,56120867.0,196281116.0,0.011220493570048786
2024-01-11,25.64,26.24,25.4,25.98,1586999.0,40977537.0,196281116.0,0.008085337154899811
2024-01-12,25.86,26.06,25.29,25.52,1754001.0,45040638.0,196281116.0,0.008936167858348635
2024-01-15,25.52,26.05,25.28,25.7,1641800.0,42328745.0,196281116.0,0.00836453365182619
2024-01-16,25.48,26.08,25.15,25.62,1917495.0,49012817.0,196281116.0,0.009769126236270229
2024-01-17,25.53,25.82,24.83,24.97,1872066.0,47294066.0,196281116.0,0.009537677582799152
2024-01-18,24.81,24.81,23.56,24.19,2526554.0,60942465.0,196281116.0,0.012872119598097252
2024-01-19,24.28,24.62,23.7,23.95,1787969.0,42914279.0,196281116.0,0.009109225769839214
2024-01-22,23.73,24.35,22.22,22.59,2959500.0,68634564.0,196281116.0,0.015077864138494098
2024-01-23,22.41,22.84,21.79,22.72,2999156.0,66875548.0,196281116.0,0.015279900894796217
2024-01-24,22.83,23.14,21.91,22.78,1883005.0,42400851.0,196281116.0,0.009593408873831755
2024-01-25,22.8,23.44,22.09,23.07,1856864.0,42509007.0,196281116.0,0.009460227442358745
2024-01-26,23.01,23.37,22.72,22.83,2133254.0,49089806.0,196281116.0,0.010868360866666359
2024-01-29,22.63,23.17,21.85,21.92,1972100.0,44006053.0,196281116.0,0.010047324165407741
2024-01-30,22.16,22.16,21.0,21.48,1900713.0,41104895.0,196281116.0,0.009683626416715503
2024-01-31,21.38,21.41,20.35,20.45,3345850.0,69378651.0,196281116.0,0.01704621447128923
2024-02-01,20.38,20.7,19.63,20.12,2427488.0,48955005.0,196281116.0,0.012367404717629586
2024-02-02,20.5,20.5,18.04,18.8,3039182.0,58293090.0,196281116.0,0.015483822702536499
2024-02-05,19.09,19.16,16.93,17.51,4840930.0,85426890.0,196281116.0,0.024663248806879617
2024-02-06,17.17,18.37,16.63,17.9,5918344.0,103185869.0,196281116.0,0.030152386131735667
2024-02-07,17.9,19.15,17.71,18.96,4606018.0,85760630.0,196281116.0,0.02346643474352367
2024-02-08,18.91,21.22,18.91,20.71,4774451.0,98156073.0,196281116.0,0.024324556010777928
2024-02-19,20.5,20.62,19.56,19.95,5640742.0,112821830.0,196281116.0,0.028738077890284666
2024-02-20,19.8,20.77,19.62,20.64,4079968.0,82481595.0,196281116.0,0.020786350124481663
2024-02-21,20.42,21.41,20.15,20.71,2740197.0,57189439.0,196281116.0,0.013960573772160537
2024-02-22,20.7,21.22,20.6,21.12,1612968.0,33874895.0,196281116.0,0.008217642292190758
2024-02-23,21.19,21.66,20.85,21.59,1897899.0,40252476.0,196281116.0,0.009669289836318233
2024-02-26,21.51,22.25,21.23,21.75,1970000.0,42741451.0,196281116.0,0.010036625224812763
2024-02-27,21.6,22.29,21.52,22.29,1884523.0,41409719.0,196281116.0,0.00960114267946184
2024-02-28,22.39,23.0,20.97,21.08,3257612.0,71414284.0,196281116.0,0.01659666536642272
2024-02-29,20.88,21.57,20.68,21.4,2730748.0,57981951.0,196281116.0,0.013912433634216752
2024-03-01,21.4,22.12,21.23,22.0,3600300.0,78600790.0,196281116.0,0.018342569440047408
2024-03-04,21.82,22.14,20.99,21.35,3342929.0,71176487.0,196281116.0,0.017031332754394977
2024-03-05,21.35,21.35,20.7,20.9,2611800.0,54608889.0,196281116.0,0.013306425259982728
2024-03-06,20.8,21.15,20.38,20.69,2858004.0,59356582.0,196281116.0,0.014560769055337958
2024-03-07,20.76,20.94,20.03,20.03,1990900.0,40697189.0,196281116.0,0.010143105157400878
2024-03-08,20.38,20.38,19.91,20.24,1521944.0,30680605.0,196281116.0,0.007753899259468242
2024-03-11,20.24,20.7,20.15,20.7,2119373.0,43438267.0,196281116.0,0.010797640869333554
2024-03-12,20.76,21.66,20.57,21.5,4051820.0,85725429.0,196281116.0,0.020642943562640025
2024-03-13,22.74,25.8,22.74,25.03,13432323.0,331300694.0,196281116.0,0.06843410753788459
2024-03-14,23.5,24.57,23.23,23.82,10296381.0,246183700.0,196281116.0,0.05245731841060044
2024-03-15,23.47,24.0,22.89,23.27,6058976.0,141302645.0,196281116.0,0.030868868709713268
2024-03-18,23.17,23.4,22.78,23.18,6011638.0,138337656.0,196281116.0,0.030627694209767995
2024-03-19,23.08,23.16,22.79,22.82,4105164.0,94069397.0,196281116.0,0.020914717032686936
2024-03-20,22.65,23.28,22.1,23.05,4292037.0,98435054.0,196281116.0,0.021866785187832333
2024-03-21,22.89,23.25,22.3,22.34,4271491.0,96711146.0,196281116.0,0.021762108790944514
2024-03-22,22.27,22.35,21.0,21.39,5013632.0,108245584.0,196281116.0,0.02554311949194338
2024-03-25,21.17,21.38,20.45,20.45,3566226.0,74443154.0,196281116.0,0.018168971486793462
2024-03-26,20.44,20.65,19.5,20.0,4896218.0,97527005.0,196281116.0,0.02494492643907731
2024-03-27,19.8,19.97,18.92,19.0,3073100.0,59733148.0,196281116.0,0.015656625877346245
2024-03-28,18.96,19.96,18.95,19.66,3129664.0,61073705.0,196281116.0,0.015944804389638786
2024-03-29,19.75,19.75,19.08,19.5,2286000.0,44203380.0,196281116.0,0.01164656104767613
2024-04-01,19.56,21.18,19.5,21.05,6193621.0,127963549.0,196281116.0,0.03155484911752794
2024-04-02,21.2,21.3,20.5,20.71,3238723.0,67240004.0,196281116.0,0.0165004309431377
2024-04-03,20.64,20.64,20.01,20.19,2148700.0,43425792.0,196281116.0,0.01094705412210923
2024-04-08,20.19,20.27,19.32,19.35,1858420.0,36529792.0,196281116.0,0.009468154847866261
2024-04-09,19.53,21.0,19.28,20.5,4343852.0,87891612.0,196281116.0,0.022130768810179377
2024-04-10,20.4,20.49,19.5,19.79,2093090.0,41548736.0,196281116.0,0.010663735985686977
2024-04-11,19.6,20.37,19.5,20.01,2060037.0,41053491.0,196281116.0,0.01049533975545564
2024-04-12,20.08,20.13,19.58,19.72,1902364.0,37704469.0,196281116.0,0.009692037821916603
2024-04-15,19.74,19.83,18.72,19.1,2962800.0,56945985.0,196281116.0,0.015094676759429063
2024-04-16,19.07,19.07,17.76,17.85,3025478.0,54920405.0,196281116.0,0.015414004473053841
2024-04-17,18.13,19.19,18.05,18.63,4352183.0,81614932.0,196281116.0,0.022173213035939738
2024-04-18,18.86,18.86,18.13,18.44,2095455.0,38862788.0,196281116.0,0.010675785030690369
2024-04-19,18.44,18.44,17.92,18.16,1995144.0,36203996.0,196281116.0,0.010164727206869967
2024-04-22,18.08,18.71,17.62,18.43,3279300.0,60296719.0,196281116.0,0.01670715994910076
2024-04-23,18.43,19.36,18.43,19.1,2502253.0,47388831.0,196281116.0,0.012748312476478889
2024-04-24,18.99,19.38,18.8,19.25,2054619.0,39357031.0,196281116.0,0.010467736488720595
2024-04-25,19.5,19.5,18.96,19.21,1408963.0,27119731.0,196281116.0,0.007178291160724805
2024-04-26,19.03,19.94,19.01,19.86,2953704.0,57899185.0,196281116.0,0.015048335062451958
2024-04-29,20.22,20.91,19.94,20.71,2845414.0,58515374.0,196281116.0,0.014496626359104255
2024-04-30,20.76,20.93,20.43,20.73,2374566.0,49057685.0,196281116.0,0.012097781225168905
2024-05-06,20.73,21.97,20.73,21.83,4769163.0,102811923.0,196281116.0,0.024297615059413052
2024-05-07,22.0,23.99,22.0,23.9,8949123.0,208659639.0,196281116.0,0.045593397787691406
2024-05-08,23.3,23.57,22.85,23.01,4065170.0,94089007.0,196281116.0,0.020710958256422385
2024-05-09,23.01,23.64,22.82,23.29,2287643.0,53283675.0,196281116.0,0.011654931695008296
2024-05-10,23.36,23.49,22.51,22.54,2868091.0,65258316.0,196281116.0,0.014612159633329168
2024-05-13,22.88,22.88,21.95,22.52,2177984.0,48769909.0,196281116.0,0.01109624830133939
2024-05-14,22.43,22.83,22.34,22.65,1413400.0,31910265.0,196281116.0,0.007200896493781908
2024-05-15,22.61,24.11,22.4,23.02,4098778.0,95526272.0,196281116.0,0.02088218206381097
2024-05-16,23.0,23.41,22.8,22.86,1622321.0,37430608.0,196281116.0,0.008265293335707344
2024-05-17,23.0,23.36,22.68,23.3,1715870.0,39605668.0,196281116.0,0.008741900570811917
2024-05-20,23.31,23.79,22.95,23.04,2032969.0,47289502.0,196281116.0,0.010357435505919988
2024-05-21,22.98,23.27,22.61,22.82,1365200.0,31084102.0,196281116.0,0.006955330333459078
2024-05-22,22.68,23.23,22.68,22.95,1599260.0,36731083.0,196281116.0,0.008147803683773634
2024-05-23,22.94,23.2,22.42,22.46,1151502.0,26110698.0,196281116.0,0.005866595949046876
2024-05-24,22.36,22.87,22.1,22.19,1753081.0,39183259.0,196281116.0,0.008931480703421311
2024-05-27,22.21,22.53,21.76,22.53,1467386.0,32519253.0,196281116.0,0.007475940782810711
2024-05-28,22.19,22.48,21.69,21.7,2197810.0,48336395.0,196281116.0,0.011197256490023217
2024-05-29,22.22,22.3,21.26,22.1,2808900.0,61473034.0,196281116.0,0.01431059725582567
2024-05-30,21.94,22.0,21.56,21.9,1742222.0,38001008.0,196281116.0,0.008876156991078042
2024-05-31,21.9,22.12,21.61,21.89,1340619.0,29318004.0,196281116.0,0.0068300966864280515
2024-06-03,22.12,22.15,21.32,21.6,1671080.0,36063933.0,196281116.0,0.008513707452121884
2024-06-04,21.5,21.77,21.25,21.63,1325800.0,28530862.0,196281116.0,0.006754597828962823
2024-06-05,21.76,21.98,21.1,21.1,1531438.0,32987371.0,196281116.0,0.007802268660424776
2024-06-06,21.21,21.32,19.89,20.1,3057384.0,62007039.0,196281116.0,0.015576557043826876
2024-06-07,20.18,20.65,19.84,19.96,2165244.0,43503198.0,196281116.0,0.01103134139506319
2024-06-11,19.88,20.19,19.2,19.88,2267851.0,44546128.0,196281116.0,0.011554096727267435
2024-06-12,19.55,20.28,19.55,19.82,1955800.0,39085059.0,196281116.0,0.009964280007456245
2024-06-13,19.8,19.89,19.28,19.6,2198899.0,42992446.0,196281116.0,0.011202804654931757
2024-06-14,19.58,19.64,19.11,19.36,2651645.0,51290204.0,196281116.0,0.013509424920938396
2024-06-17,19.37,19.37,18.59,18.71,5162500.0,97393054.0,196281116.0,0.02630156229598776
2024-06-18,18.69,18.86,18.04,18.31,5231848.0,95292135.0,196281116.0,0.026654871882835638
2024-06-19,18.28,18.34,18.0,18.04,3019900.0,54754723.0,196281116.0,0.015385586048940133
2024-06-20,18.0,18.22,17.63,17.72,3448648.0,61640937.0,196281116.0,0.017569942897614255
2024-06-21,17.72,17.8,17.12,17.38,3998242.0,69787340.0,196281116.0,0.020369977924926817
2024-06-24,17.06,17.29,16.27,16.34,6772332.0,112028735.0,196281116.0,0.03450322750355669
2024-06-25,16.19,16.5,16.07,16.26,3511361.0,57032399.0,196281116.0,0.01788944892691562
2024-06-26,16.23,16.63,16.08,16.63,4653947.0,76049166.0,196281116.0,0.023710620231036386
2024-06-27,16.57,16.66,15.91,15.97,5266338.0,85282230.0,196281116.0,0.02683058924527411
2024-06-28,15.96,16.7,15.93,16.13,5498909.0,89706267.0,196281116.0,0.028015476537233464
2024-07-01,16.08,16.12,15.56,15.76,4871720.0,76714190.0,196283592.0,0.024819802564037038
2024-07-02,15.7,15.92,15.57,15.65,3439632.0,54204196.0,196283592.0,0.017523787724447185
2024-07-03,15.67,15.8,15.49,15.49,2659485.0,41547235.0,196283592.0,0.013549196715332171
2024-07-04,15.46,15.58,14.89,14.98,3791585.0,57633200.0,196283592.0,0.019316871886061675
2024-07-05,14.94,15.34,14.74,15.27,3402335.0,51278383.0,196283592.0,0.017333771841713596
2024-07-08,15.16,15.24,14.49,14.57,3623300.0,53369096.0,196283592.0,0.0184595154545572
2024-07-09,14.59,14.78,14.27,14.71,3410400.0,49669476.0,196283592.0,0.017374860350018458
2024-07-10,14.7,15.01,14.5,14.55,2882608.0,42405771.0,196283592.0,0.014685934624632302
2024-07-11,14.7,15.46,14.68,15.43,5160192.0,77880388.0,196283592.0,0.026289472020666914
2024-07-12,15.34,16.36,15.11,15.68,7177730.0,111667643.0,196283592.0,0.03656816103100457
2024-07-15,15.39,15.5,14.9,14.93,6283900.0,94752782.0,196283592.0,0.03201439272621422
2024-07-16,14.94,15.0,14.6,14.87,4012400.0,59299373.0,196283592.0,0.02044185129850283
2024-07-17,14.8,15.94,14.64,15.68,8404904.0,129541882.0,196283592.0,0.042820206795481916
2024-07-18,15.22,15.29,14.64,15.26,7848326.0,117496599.0,196283592.0,0.03998462591819697
2024-07-19,15.16,15.43,14.9,15.2,4965871.0,75339544.0,196283592.0,0.025299470777975164
2024-07-22,15.11,15.25,14.89,14.98,3515400.0,52802440.0,196283592.0,0.017909800631730848
2024-07-23,14.99,15.09,14.37,14.38,4258301.0,62491911.0,196283592.0,0.021694635586249105
2024-07-24,14.36,14.5,13.82,13.9,5522735.0,77858241.0,196283592.0,0.028136508730694107
2024-07-25,13.87,14.42,13.79,14.11,3843027.0,54340624.0,196283592.0,0.019578951866745947
2024-07-26,14.16,14.45,14.1,14.18,2719234.0,38724791.0,196283592.0,0.01385359811430392
2024-07-29,14.2,14.26,13.82,13.86,3584900.0,50034920.0,196283592.0,0.018263880151530954
2024-07-30,13.82,14.09,13.73,14.03,2839221.0,39549390.0,196283592.0,0.014464892205559392
2024-07-31,13.96,15.0,13.9,14.93,6644698.0,97412861.0,196283592.0,0.033852539238226294
2024-08-01,14.86,14.99,14.6,14.94,4810400.0,71251782.0,196283592.0,0.024507397439517003
2024-08-02,14.75,15.41,14.7,15.33,7309298.0,110657965.0,196283592.0,0.03723845648799824
2024-08-05,15.07,15.58,14.38,14.44,8949498.0,134155944.0,196283592.0,0.04559473315528075
2024-08-06,14.56,15.57,14.56,15.48,12274200.0,185985980.0,196283592.0,0.06253299053137361
2024-08-07,15.31,15.4,14.95,15.0,6282976.0,94849373.0,196283592.0,0.03200968525173515
2024-08-08,14.92,15.41,14.65,15.23,7129676.0,107386505.0,196283592.0,0.03632334179007688
2024-08-09,15.17,15.36,14.77,14.84,5265900.0,79206686.0,196283592.0,0.02682801932827885
2024-08-12,14.74,14.82,14.28,14.45,5165669.0,74696648.0,196283592.0,0.026317375524694903
2024-08-13,14.41,14.52,14.09,14.5,3628800.0,51911122.0,196283592.0,0.01848753613598023
2024-08-14,14.4,14.54,14.07,14.08,4220899.0,59922326.0,196283592.0,0.021504084763233802
2024-08-15,14.0,14.48,13.85,14.19,5266448.0,74606722.0,196283592.0,0.026830811207082455
2024-08-16,14.1,14.23,13.89,13.9,3613800.0,50475867.0,196283592.0,0.0184111160957356
2024-08-19,13.86,14.01,13.72,13.76,3211200.0,44477175.0,196283592.0,0.016360002215569807
2024-08-20,13.73,13.9,13.08,13.16,5202955.0,69519229.0,196283592.0,0.026507335366065646
2024-08-21,13.14,13.4,12.97,13.01,4091901.0,53790505.0,196283592.0,0.020846882606468706
2024-08-22,13.01,13.1,12.55,12.61,5798869.0,73895493.0,196283592.0,0.0295433201568881
2024-08-23,12.65,13.09,12.56,12.69,4953969.0,63376403.0,196283592.0,0.02523883402337573
2024-08-26,12.74,13.11,12.67,12.75,4739089.0,60912046.0,196283592.0,0.024144091473524695
2024-08-27,12.75,13.11,12.65,12.85,4931089.0,63348566.0,196283592.0,0.025122267988655925
2024-08-28,12.78,13.02,12.54,12.87,3796700.0,48665775.0,196283592.0,0.019342931119785092
2024-08-29,12.79,13.39,12.75,13.28,5279300.0,69414235.0,196283592.0,0.026896287897564052
2024-08-30,13.22,14.13,13.09,13.76,7873604.0,108006869.0,196283592.0,0.040113408970017216
2024-09-02,13.78,13.83,13.17,13.22,6285100.0,84698278.0,196283592.0,0.03202050632943379
2024-09-03,13.22,13.52,13.14,13.42,3815679.0,50908471.0,196283592.0,0.019439622849371944
2024-09-04,13.36,13.48,13.17,13.26,2894900.0,38584031.0,196283592.0,0.0147485583002781
2024-09-05,13.3,14.39,13.26,13.69,8577745.0,118218807.0,196283592.0,0.04370077454054336
2024-09-06,13.6,14.3,13.49,13.64,9150655.0,126994186.0,196283592.0,0.046619561557646655
2024-09-09,13.38,14.3,13.3,14.17,11339658.0,157545141.0,196283592.0,0.057771808048020644
2024-09-10,14.14,15.88,13.98,14.92,22975182.0,338962840.0,196283592.0,0.11705095553784241
2024-09-11,15.59,15.78,14.61,14.83,22951898.0,348220962.0,196283592.0,0.11693233125670535
2024-09-12,14.26,14.49,13.81,13.95,19069505.0,268355622.0,196283592.0,0.0971528226363414
2024-09-13,13.8,13.87,12.89,13.49,18642455.0,248587381.0,196283592.0,0.09497714409057686
2024-09-18,13.07,13.13,12.65,12.8,9718178.0,124715665.0,196283592.0,0.049510903590963426
2024-09-19,12.85,13.53,12.72,13.37,12538290.0,166415314.0,196283592.0,0.06387844175992051
2024-09-20,13.37,13.43,12.88,12.99,9110921.0,119151031.0,196283592.0,0.04641712996570799
2024-09-23,13.0,13.33,12.81,13.03,7497603.0,98437913.0,196283592.0,0.03819780819988255
2024-09-24,13.22,14.18,13.06,14.16,14463821.0,196698539.0,196283592.0,0.07368838552740567
2024-09-25,14.16,14.81,14.01,14.3,13452805.0,193935175.0,196283592.0,0.0685375933002082
2024-09-26,14.88,17.16,14.83,17.16,31612474.0,496049290.0,196283592.0,0.16105510235414888
2024-09-27,18.17,19.95,18.02,18.44,33922215.0,633113525.0,196283592.0,0.17282246903245993
2024-09-30,18.8,22.13,18.71,22.13,26888389.0,548125242.0,196283592.0,0.13698745129954623
2024-10-08,26.0,26.46,22.25,26.44,28100532.0,682454505.0,196283592.0,0.1431629190890291
2024-10-09,23.55,23.8,21.15,21.15,25262221.0,566480454.0,196283592.0,0.12870266303257788
2024-10-10,20.92,21.15,19.32,19.72,16434473.0,329574156.0,196283592.0,0.08372820587061602
2024-10-11,19.75,20.18,19.12,19.6,11445476.0,225834853.0,196283592.0,0.05831091576926104
2024-10-14,19.4,20.06,18.87,19.93,9981710.0,196060302.0,196283592.0,0.05085351199401324
2024-10-15,19.7,19.8,18.77,18.81,11713825.0,225785331.0,196283592.0,0.05967806519456807
2024-10-16,18.5,18.98,18.12,18.7,8015377.0,149271811.0,196283592.0,0.04083569552772399
2024-10-17,18.87,19.23,18.65,18.68,7298720.0,138182585.0,196283592.0,0.03718456507561773
2024-10-18,18.77,20.11,18.57,19.66,11605051.0,224154982.0,196283592.0,0.05912389763073013
2024-10-21,19.67,20.23,19.5,20.03,11187200.0,222388250.0,196283592.0,0.05699508494831295
2024-10-22,20.45,20.56,19.81,20.42,10792821.0,218320239.0,196283592.0,0.054985854344870556
2024-10-23,20.09,20.21,19.76,20.11,9531400.0,190050394.0,196283592.0,0.048559331439176026
2024-10-24,19.83,19.92,19.38,19.5,4973440.0,97394063.0,196283592.0,0.025338032330282603
2024-10-25,19.45,20.45,19.43,20.08,7175662.0,143376808.0,196283592.0,0.03655762525478951
2024-10-28,20.18,20.68,19.83,20.56,7787745.0,158042933.0,196283592.0,0.03967598575432632
2024-10-29,20.67,20.95,19.72,19.87,7348500.0,148461768.0,196283592.0,0.0374381777158429
2024-10-30,19.87,21.0,19.8,20.24,9460999.0,193634620.0,196283592.0,0.04820066162229189
2024-10-31,20.05,20.25,19.42,19.66,7569608.0,148936042.0,196283592.0,0.038564649866403504
2024-11-01,21.63,22.83,20.18,20.3,18062739.0,388742126.0,196283592.0,0.09202368275387991
2024-11-04,19.63,20.42,19.11,20.37,10234721.0,203495123.0,196283592.0,0.05214251938083546
2024-11-05,20.36,20.93,19.83,20.8,9256058.0,189995174.0,196283592.0,0.04715655499110695
2024-11-06,20.81,21.12,20.3,20.6,7790078.0,161647463.0,196283592.0,0.039687871617919035
2024-11-07,20.45,22.75,20.25,22.69,15842595.0,344546773.0,196283592.0,0.08071278316528872
2024-11-08,22.99,23.9,21.91,23.17,15867577.0,361730197.0,196283592.0,0.08084005819498147
2024-11-11,23.05,23.2,22.6,23.1,8248867.0,189198699.0,196283592.0,0.042025249874171854
2024-11-12,23.13,24.68,23.01,23.42,11410895.0,270334340.0,196283592.0,0.058134737008481076
2024-11-13,23.2,23.68,22.5,23.25,6610018.0,151597353.0,196283592.0,0.033675856105180715
2024-11-14,23.02,23.65,22.78,22.82,5840279.0,135808696.0,196283592.0,0.02975429041465677
2024-11-15,23.17,24.07,22.9,23.18,7491860.0,175649086.0,196283592.0,0.038168549513807555
2024-11-18,23.6,23.84,21.6,22.97,7552954.0,169231557.0,196283592.0,0.03847980324305457
2024-11-19,22.7,23.04,21.68,22.4,6023031.0,135388805.0,196283592.0,0.03068535142764251
2024-11-20,22.3,23.49,21.69,23.3,7958215.0,180186345.0,196283592.0,0.040544474038359764
2024-11-21,23.1,23.15,22.06,22.39,6496765.0,146315989.0,196283592.0,0.03309886951732573
2024-11-22,22.2,22.31,20.48,20.5,7074760.0,151575342.0,196283592.0,0.03604356292807195
2024-11-25,20.71,21.4,20.3,21.07,4540781.0,94369974.0,196283592.0,0.023133777784135924
2024-11-26,20.99,21.19,20.12,20.23,4133287.0,85037337.0,196283592.0,0.02105773059217298
2024-11-27,20.03,20.83,19.61,20.83,3931300.0,79543649.0,196283592.0,0.02002867361424688
2024-11-28,20.76,21.15,20.55,20.6,2623400.0,54637108.0,196283592.0,0.013365355571850345
2024-11-29,20.6,21.56,20.5,21.27,4608077.0,97616411.0,196283592.0,0.02347662865268942
2024-12-02,21.26,21.97,21.02,21.65,4028821.0,86934985.0,196283592.0,0.0205255108638933
2024-12-03,21.58,21.8,21.22,21.49,2651202.0,57011543.0,196283592.0,0.013506997569109088
2024-12-04,21.49,21.86,21.15,21.31,2990625.0,64608174.0,196283592.0,0.015236245523772562
2024-12-05,21.29,22.46,21.19,22.15,4939267.0,109110653.0,196283592.0,0.025163932194597293
2024-12-06,22.33,22.68,22.0,22.18,4806221.0,107115066.0,196283592.0,0.02448610681630485
2024-12-09,22.3,23.3,22.17,22.48,5061966.0,115075814.0,196283592.0,0.025789043029128995
2024-12-10,24.12,26.45,23.57,23.6,19703712.0,493038652.0,196283592.0,0.10038389760056969
2024-12-11,23.5,25.3,22.91,25.15,15023800.0,366004357.0,196283592.0,0.07654129337514876
2024-12-12,25.18,28.78,24.4,27.33,19584634.0,509632398.0,196283592.0,0.09977723456375304
2024-12-13,26.57,28.0,26.11,26.24,11298355.0,303668307.0,196283592.0,0.05756138291987239
2024-12-16,26.21,26.24,24.5,24.93,7387599.0,186614435.0,196283592.0,0.037637374192744544
2024-12-17,24.72,24.93,24.01,24.44,5186399.0,127019639.0,196283592.0,0.026422988020312975
2024-12-18,24.59,24.76,23.51,24.47,5579700.0,134986568.0,196283592.0,0.028426726570196452
2024-12-19,24.13,24.63,23.53,24.63,5676352.0,136672506.0,196283592.0,0.028919136552178034
2024-12-20,24.63,25.65,24.2,24.33,6489035.0,161605647.0,196283592.0,0.033059487723253
2024-12-23,24.13,24.4,22.18,22.28,11692160.0,266609267.0,196283592.0,0.059567689183108084
2024-12-24,22.53,22.84,22.2,22.63,4930489.0,111006335.0,196283592.0,0.025119211187046138
2024-12-25,22.5,22.8,21.79,22.26,4362200.0,96720262.0,196283592.0,0.022223966637007538
2024-12-26,22.21,22.44,22.01,22.24,3231100.0,71828108.0,196283592.0,0.01646138613562768
2024-12-27,22.25,22.88,22.0,22.36,3850800.0,86348173.0,196283592.0,0.019618552731600715
2024-12-30,22.36,22.38,21.51,21.64,3939506.0,85978619.0,196283592.0,0.02007048047093004
2024-12-31,21.72,21.85,21.01,21.06,3828230.0,81649589.0,196283592.0,0.0195035660443793
2025-01-02,21.17,21.99,20.63,21.3,5614662.0,119755209.0,196283592.0,0.02860484639999863
2025-01-03,21.35,21.4,19.9,19.94,4355300.0,89258775.0,196283592.0,0.02218881341849501
2025-01-06,19.9,20.39,19.15,19.73,2965717.0,58671443.0,196283592.0,0.015109347499611684
2025-01-07,19.91,20.07,19.51,20.05,1938267.0,38382870.0,196283592.0,0.009874829476322199
2025-01-08,20.0,21.21,19.8,20.88,5294100.0,108400376.0,196283592.0,0.02697168900393875
2025-01-09,20.85,21.29,20.35,20.46,2777900.0,57565755.0,196283592.0,0.014152481986370006
2025-01-10,20.62,20.87,19.81,19.83,2731900.0,55456211.0,196283592.0,0.013918127196286482
2025-01-13,19.61,20.18,19.05,20.01,2807000.0,55252354.0,196283592.0,0.014300736864444583
2025-01-14,19.98,21.35,19.98,21.24,3848176.0,80172377.0,196283592.0,0.019605184319227253
2025-01-15,21.27,22.24,21.1,21.59,6333776.0,137958376.0,196283592.0,0.032268494454696955
2025-01-16,21.68,22.1,21.09,21.35,3489200.0,75081208.0,196283592.0,0.01777632029477023
2025-01-17,21.29,21.83,21.08,21.55,3241600.0,69901321.0,196283592.0,0.016514880163798918
2025-01-20,21.7,22.11,21.41,21.77,3970017.0,86417160.0,196283592.0,0.020225923927456962
2025-01-21,21.68,21.95,20.98,21.29,4023031.0,85368802.0,196283592.0,0.020496012728358874
2025-01-22,21.11,21.35,20.48,20.64,2065357.0,42871506.0,196283592.0,0.010522311003968178
2025-01-23,21.0,21.14,20.4,20.4,2763800.0,57430125.0,196283592.0,0.014080647148540057
2025-01-24,20.52,20.92,20.41,20.9,2861692.0,59288118.0,196283592.0,0.014579374520515194
2025-01-27,20.88,21.21,20.16,20.21,3005841.0,61966013.0,196283592.0,0.015313766012596713
2025-02-05,20.42,21.63,20.2,21.14,4006558.0,83612392.0,196283592.0,0.020412088240162225
2025-02-06,21.1,22.28,20.9,22.04,4512300.0,98571109.0,196283592.0,0.022988676506388778
2025-02-07,21.95,22.61,21.66,21.99,4178300.0,92194994.0,196283592.0,0.02128705694360841
2025-02-10,22.1,23.94,21.8,23.7,7934742.0,182816368.0,196283592.0,0.04042488686471562
2025-02-11,24.41,24.89,23.51,24.24,9598100.0,231899037.0,196283592.0,0.048899145884797136
2025-02-12,23.82,24.3,22.91,23.76,7739900.0,181830110.0,196283592.0,0.03943223129929271
2025-02-13,23.75,25.37,23.63,24.92,9828792.0,242290481.0,196283592.0,0.050074445346404706
2025-02-14,24.73,25.9,24.65,25.78,7543291.0,191115439.0,196283592.0,0.03843057345312898
2025-02-17,25.6,27.62,25.4,26.31,8403828.0,224350205.0,196283592.0,0.042814724931261705
2025-02-18,26.46,26.8,24.4,24.69,7676230.0,194982427.0,196283592.0,0.03910785370180101
2025-02-19,25.0,25.49,24.48,24.72,5649730.0,140265432.0,196283592.0,0.02878350626475187
2025-02-20,25.0,26.26,24.96,25.87,6851133.0,176156346.0,196283592.0,0.0349042573054196
2025-02-21,25.58,26.04,24.89,25.3,7181068.0,181244640.0,196283592.0,0.03658516703729367
2025-02-24,25.5,25.67,24.5,25.04,8030488.0,201795888.0,196283592.0,0.04091268107626642
2025-02-25,24.51,24.77,23.93,24.3,5581017.0,135458480.0,196283592.0,0.02843343624972993
2025-02-26,24.25,24.7,24.12,24.43,2818100.0,68853293.0,196283592.0,0.014357287694225607
2025-02-27,24.47,25.2,24.12,24.97,4712600.0,116392527.0,196283592.0,0.024009138777122033
2025-02-28,25.75,25.86,24.12,24.29,7379902.0,184995398.0,196283592.0,0.037598160522760354
2025-03-03,25.0,28.19,25.0,26.01,14670162.0,394660415.0,196283592.0,0.07473962469568012
2025-03-04,25.4,26.99,25.4,26.82,10129700.0,267468292.0,196283592.0,0.05160747211106673
2025-03-05,26.67,28.52,26.2,28.2,14255035.0,394149666.0,196283592.0,0.07262468989257136
2025-03-06,28.87,33.84,28.5,33.6,25210936.0,816561722.0,196283592.0,0.1284413829149815
2025-03-07,32.23,35.44,32.23,33.4,25686298.0,869058571.0,196283592.0,0.13086319512636593
2025-03-10,32.81,33.76,32.06,32.84,12943510.0,427072710.0,196283592.0,0.06594290367378237
2025-03-11,32.3,35.55,31.8,35.1,17119400.0,582952301.0,196283592.0,0.08721768246425814
2025-03-12,34.91,36.09,33.81,34.3,13392719.0,464612018.0,196283592.0,0.06823147499766562
2025-03-13,33.77,36.24,33.0,35.13,13959583.0,488754004.0,196283592.0,0.07111945964388099
2025-03-14,34.41,35.01,33.59,34.3,8519400.0,292694592.0,196283592.0,0.04340352605733851
2025-03-17,34.61,39.99,33.66,38.07,15200017.0,555995285.0,196283592.0,0.07743906072393458
2025-03-18,38.46,39.01,36.39,38.6,12042670.0,453424817.0,196283592.0,0.06135342173685104
2025-03-19,38.5,38.59,35.9,36.26,9989100.0,366017868.0,196283592.0,0.050891161600507086
2025-03-20,36.07,38.4,35.8,37.43,11263147.0,423581558.0,196283592.0,0.05738200980141019
2025-03-21,36.62,37.4,35.0,35.16,7602100.0,273311452.0,196283592.0,0.03873018586291207
2025-03-24,35.3,35.99,34.42,35.12,4923153.0,172822224.0,196283592.0,0.025081836692697167
2025-03-25,35.65,35.68,33.48,34.35,4853900.0,166392346.0,196283592.0,0.024729015556226423
2025-03-26,34.36,35.3,34.2,34.86,3453800.0,120388282.0,196283592.0,0.01759596899979291
2025-03-27,34.8,35.47,34.18,34.85,2827200.0,98237410.0,196283592.0,0.014403649185307349
2025-03-28,34.97,35.43,33.68,34.2,4291400.0,147149146.0,196283592.0,0.0218632640470529
2025-03-31,34.01,35.0,32.2,34.6,6863970.0,231429359.0,196283592.0,0.03496965757586095
2025-04-01,34.58,34.95,33.12,33.2,3327519.0,112781753.0,196283592.0,0.016952609059650795
2025-04-02,33.18,33.75,32.73,33.06,3290720.0,109280103.0,196283592.0,0.016765130322253324
2025-04-03,32.53,33.15,31.67,32.22,3953000.0,127797747.0,196283592.0,0.020139227939134106
2025-04-07,30.43,30.5,25.78,26.95,8418148.0,233524046.0,196283592.0,0.04288768059634857
2025-04-08,27.11,28.95,27.11,28.86,7879600.0,220920500.0,196283592.0,0.04014395660743767
2025-04-09,28.68,30.27,26.2,30.02,7061900.0,202304884.0,196283592.0,0.03597804548023555
2025-04-10,30.52,31.98,29.98,30.87,5817500.0,180114060.0,196283592.0,0.029638238941541276
2025-04-11,30.22,31.6,30.04,30.04,6627900.0,203778370.0,196283592.0,0.033766958982491005
2025-04-14,30.59,33.2,30.3,32.56,7628320.0,244802447.0,196283592.0,0.03886376809325968
2025-04-15,32.55,33.15,30.5,30.66,6325500.0,198263565.0,196283592.0,0.032226330971159324
2025-04-16,30.67,31.66,29.7,30.51,4055200.0,124083934.0,196283592.0,0.0206599031466675
2025-04-17,30.34,32.46,30.0,31.61,5127729.0,162123897.0,196283592.0,0.02612408376956949
2025-04-18,31.85,32.35,31.0,31.14,2613400.0,82312104.0,196283592.0,0.013314408878353928
2025-04-21,30.97,34.19,30.8,33.48,5430000.0,178629913.0,196283592.0,0.02766405456855507
2025-04-22,33.19,33.43,32.14,32.49,3432800.0,112188083.0,196283592.0,0.017488980943450434
2025-04-23,32.72,33.71,32.5,33.4,4712400.0,157136349.0,196283592.0,0.024008119843252105
2025-04-24,33.41,33.68,32.14,32.3,3867816.0,127170296.0,196283592.0,0.019705243625254217
2025-04-25,32.6,35.2,32.32,34.06,5545616.0,188211037.0,196283592.0,0.028253079860083262
2025-04-28,34.27,35.72,32.85,33.87,8593641.0,293350386.0,196283592.0,0.043781759404525264
2025-04-29,33.03,33.52,31.86,32.91,6939536.0,226521283.0,196283592.0,0.03535464135993598
2025-04-30,33.0,34.36,32.79,33.5,5197336.0,175487658.0,196283592.0,0.02647870841899001
2025-05-06,33.6,34.45,33.18,33.37,4698934.0,158068347.0,196283592.0,0.023939515025789827
2025-05-07,33.87,34.35,31.5,32.1,5985296.0,195500075.0,196283592.0,0.030493104079733775
2025-05-08,31.8,32.66,31.59,31.8,4239600.0,135831721.0,196283592.0,0.021599360174741452
2025-05-09,31.74,32.2,31.35,31.4,2315396.0,73166760.0,196283592.0,0.011796177033483268
2025-05-12,31.29,31.78,30.74,31.0,4368100.0,135736276.0,196283592.0,0.022254025186170426
2025-05-13,31.23,32.55,31.23,31.42,4906700.0,155803064.0,196283592.0,0.02499801409788751
2025-05-14,31.24,31.25,30.13,30.8,3800200.0,116324237.0,196283592.0,0.019360762462508837
2025-05-15,30.86,30.86,29.89,30.03,4201400.0,127168901.0,196283592.0,0.021404743805585134
2025-05-16,29.99,30.45,29.63,29.69,3252100.0,97584199.0,196283592.0,0.01656837419197016
2025-05-19,29.73,30.35,29.13,30.25,3369100.0,100420220.0,196283592.0,0.01716445050587825
2025-05-20,30.25,32.68,29.91,31.69,5866000.0,184653409.0,196283592.0,0.029885330404998908
2025-05-21,31.54,31.8,30.7,31.3,3908500.0,121726421.0,196283592.0,0.019912515153075048
2025-05-22,31.1,31.43,29.81,30.02,3060900.0,93177613.0,196283592.0,0.015594273412318642
2025-05-23,29.88,30.14,29.01,29.03,2631500.0,77675125.0,196283592.0,0.013406622393582444
2025-05-26,29.34,29.34,28.78,29.05,2348007.0,68210041.0,196283592.0,0.011962319295644437
2025-05-27,29.01,29.39,28.71,28.79,2088700.0,60558046.0,196283592.0,0.010641235870596866
2025-05-28,28.65,29.65,28.65,29.4,2883200.0,83991541.0,196283592.0,0.01468895066888729
2025-05-29,29.45,30.2,29.16,29.88,3580800.0,106196145.0,196283592.0,0.018242992007197423
2025-05-30,29.83,31.1,29.58,29.91,3699434.0,112066361.0,196283592.0,0.01884739301082283
2025-06-03,29.63,30.61,29.6,30.34,2460300.0,74217374.0,196283592.0,0.012534415000923765
2025-06-04,30.04,31.36,29.5,30.14,3976490.0,120552838.0,196283592.0,0.020258901722157194
2025-06-05,29.99,31.6,29.96,30.59,3430390.0,105604870.0,196283592.0,0.017476702790317798
2025-06-06,30.6,30.6,28.08,28.15,7577984.0,217678400.0,196283592.0,0.03860732281687611
2025-06-09,27.93,27.93,26.51,27.1,11962265.0,325122272.0,196283592.0,0.06094378484779309
2025-06-10,26.98,27.53,26.8,27.21,6826600.0,185930890.0,196283592.0,0.03477926978226484
2025-06-11,27.05,27.49,26.86,27.25,3622800.0,98643222.0,196283592.0,0.01845696811988238
2025-06-12,27.29,27.98,26.91,27.72,4111006.0,112911488.0,196283592.0,0.020944216264393613
2025-06-13,27.6,27.73,26.28,26.48,4719500.0,126880605.0,196283592.0,0.02404429199563456
2025-06-16,26.64,27.47,26.42,27.39,4239300.0,115074838.0,196283592.0,0.02159783177393656
2025-06-17,27.39,27.58,27.0,27.24,2600047.0,70860036.0,196283592.0,0.013246379758528161
2025-06-18,27.22,27.46,26.93,27.11,1719901.0,46728703.0,196283592.0,0.008762326909118313
2025-06-19,26.7,26.73,25.23,25.73,8118275.0,210512794.0,196283592.0,0.04135992681446343
2025-06-20,25.75,26.45,25.75,25.94,3475888.0,90736543.0,196283592.0,0.0177085000563878
2025-06-23,25.85,26.28,25.75,26.09,2918203.0,76076757.0,196283592.0,0.014867279380132803
2025-06-24,26.23,27.16,26.15,27.08,3650300.0,97943268.0,196283592.0,0.01859707152699753
2025-06-25,27.36,28.12,26.8,28.12,4019900.0,111176042.0,196283592.0,0.020480061318625144
2025-06-26,28.0,28.73,27.35,27.55,3064100.0,85452449.0,196283592.0,0.015610576354237495
2025-06-27,27.51,29.12,27.4,28.44,4713500.0,134133222.0,196283592.0,0.02401372397953671
2025-06-30,28.44,29.99,28.18,29.71,4971700.0,145472016.0,196283592.0,0.02532916760561423
2025-07-01,29.62,29.85,28.8,28.86,3100100.0,90394743.0,196283592.0,0.0157939844508246
2025-07-02,28.87,29.0,28.41,28.6,2195400.0,62904708.0,196283592.0,0.011184837090203648
2025-07-03,28.61,29.15,28.49,29.04,2395000.0,69184061.0,196283592.0,0.012201733092392154
2025-07-04,29.04,29.1,28.01,28.08,2150400.0,60927319.0,196283592.0,0.010955576969469766
2025-07-07,28.39,29.18,28.0,28.61,2230200.0,64053511.0,196283592.0,0.011362131583571184
2025-07-08,28.75,29.5,28.54,29.36,2476715.0,72220699.0,196283592.0,0.012618043998298136
2025-07-09,29.44,30.19,29.26,29.9,4061200.0,121069413.0,196283592.0,0.020690471162765352
2025-07-10,30.45,30.94,29.4,29.68,3989921.0,120433232.0,196283592.0,0.020327328226192234
2025-07-11,29.28,29.94,28.69,29.3,6557951.0,191419563.0,196283592.0,0.03341059195615291
2025-07-14,28.86,29.22,28.76,28.95,2483223.0,72030744.0,196283592.0,0.012651200106425604
2025-07-15,29.0,29.72,28.33,29.52,4514693.0,131067742.0,196283592.0,0.02300086805014247
2025-07-16,30.29,35.42,30.29,33.76,19140964.0,649281369.0,196283592.0,0.09751688261339746
2025-07-17,31.73,32.54,31.53,32.29,15308840.0,490541349.0,196283592.0,0.07799347792657066
2025-07-18,32.29,32.86,31.21,31.62,11870455.0,378702500.0,196283592.0,0.06047604325480247
2025-07-21,31.6,31.75,30.79,31.1,7242100.0,225854576.0,196283592.0,0.03689610489704101
2025-07-22,30.97,32.12,30.43,31.78,11880400.0,372892937.0,196283592.0,0.060526709741484656
2025-07-23,31.8,33.4,31.45,33.0,14860283.0,483172109.0,196283592.0,0.07570822832710337
2025-07-24,32.35,34.14,32.35,33.45,10553249.0,352241521.0,196283592.0,0.05376531421943817
2025-07-25,33.81,36.06,33.45,35.35,13404111.0,466492622.0,196283592.0,0.06828951347089675
2025-07-28,35.36,35.74,33.8,34.38,8149676.0,280868091.0,196283592.0,0.04151990452671153
2025-07-29,34.27,35.12,34.16,34.45,6755500.0,234108214.0,196283592.0,0.0344170387915053
2025-07-30,34.4,35.7,33.55,35.15,7784600.0,269495270.0,196283592.0,0.0396599630192217
2025-07-31,34.54,37.08,34.11,35.81,9652237.0,343579113.0,196283592.0,0.0491749559993787
2025-08-01,35.91,36.0,33.34,33.52,11379837.0,388778119.0,196283592.0,0.0579765067678199
2025-08-04,33.0,33.9,32.8,33.3,7720807.0,257013268.0,196283592.0,0.039334958777399995
2025-08-05,33.3,34.16,32.54,32.99,6230475.0,205995057.0,196283592.0,0.03174221001620961
2025-08-06,32.9,33.18,32.54,32.85,5236600.0,171640280.0,196283592.0,0.026678745516334347
2025-08-07,32.95,33.96,32.85,32.99,5273700.0,175414111.0,196283592.0,0.026867757749206057
2025-08-08,33.32,35.5,32.99,34.57,12500263.0,430704778.0,196283592.0,0.06368470676856168
2025-08-11,34.8,34.8,33.5,33.94,9923081.0,336707195.0,196283592.0,0.05055481662471308
2025-08-12,33.7,33.81,31.82,32.52,9107004.0,295766457.0,196283592.0,0.04639717414586544
2025-08-13,32.38,32.62,31.78,32.02,6899575.0,221335019.0,196283592.0,0.03515105327805495
2025-08-14,32.01,32.08,31.13,31.32,5018800.0,158549927.0,196283592.0,0.02556912653198236
2025-08-15,31.31,32.15,31.08,31.91,6008900.0,190492416.0,196283592.0,0.030613358655062723
2025-08-18,31.91,32.96,31.8,32.61,6989800.0,226961969.0,196283592.0,0.03561071982012638
2025-08-19,32.74,33.24,32.22,32.3,4489400.0,146709773.0,196283592.0,0.02287200857828198
2025-08-20,32.23,32.52,31.21,32.0,6213546.0,197292258.0,196283592.0,0.03165596235878952
2025-08-21,32.06,32.3,31.44,31.74,4351500.0,138767935.0,196283592.0,0.022169453674966373
2025-08-22,31.83,32.06,31.44,31.97,5276600.0,167797481.0,196283592.0,0.02688253229032002
2025-08-25,32.02,32.2,31.57,31.9,4826600.0,154022230.0,196283592.0,0.0245899310829812
2025-08-26,31.98,32.78,31.67,32.54,5938950.0,191736847.0,196283592.0,0.030256986534055275
2025-08-27,32.98,34.08,32.68,32.72,9758565.0,325032927.0,196283592.0,0.04971666200198741
2025-08-28,33.44,35.32,31.9,33.36,10557733.0,353201099.0,196283592.0,0.05378815871680196
2025-08-29,33.3,33.78,32.12,32.77,6170147.0,201831314.0,196283592.0,0.031434858803684414
2025-09-01,32.64,33.77,31.91,32.0,7376866.0,241115213.0,196283592.0,0.03758269310661484
2025-09-02,32.0,32.0,30.45,30.6,5842801.0,180995881.0,196283592.0,0.029767139170756567
2025-09-03,30.74,30.93,30.12,30.33,3384800.0,103316121.0,196283592.0,0.017244436814667627
2025-09-04,30.12,30.7,29.2,29.71,3815600.0,114702082.0,196283592.0,0.01943922037049332
2025-09-05,29.91,30.39,29.59,30.31,3336201.0,100222153.0,196283592.0,0.016996840978944383
2025-09-08,30.23,31.42,30.23,30.69,4726801.0,145493396.0,196283592.0,0.024081488176556295
2025-09-09,30.5,30.86,29.39,30.48,5464247.0,163917259.0,196283592.0,0.027838531709772258
2025-09-10,29.6,29.74,28.91,29.68,7366139.0,216040844.0,196283592.0,0.03752804258850123
2025-09-11,29.44,30.71,29.31,30.66,5841579.0,176369383.0,196283592.0,0.029760913484811302
2025-09-12,31.06,31.26,29.78,29.85,6505702.0,198062383.0,196283592.0,0.03314440057730347
2025-09-15,29.75,30.24,29.31,29.79,3864231.0,115021393.0,196283592.0,0.019686979235635754
2025-09-16,29.68,30.76,29.56,30.58,5561228.0,168570934.0,196283592.0,0.028332617837969868
2025-09-17,30.59,30.88,30.21,30.32,3241088.0,98482461.0,196283592.0,0.016512271693091902
2025-09-18,30.25,30.85,29.86,30.35,5473350.0,166543703.0,196283592.0,0.027884908484862046
2025-09-19,30.16,31.41,30.16,30.83,5826207.0,180304393.0,196283592.0,0.029682598227568607
2025-09-22,30.81,31.29,30.45,31.1,4415981.0,136909635.0,196283592.0,0.022497963049300625
2025-09-23,30.97,31.19,30.19,30.95,3921800.0,120658878.0,196283592.0,0.019980274255425284
2025-09-24,30.78,30.95,30.12,30.67,4382250.0,133395334.0,196283592.0,0.022326114757467857
2025-09-25,30.58,31.6,30.56,30.81,5172705.0,160931543.0,196283592.0,0.02635322161823898
2025-09-26,30.54,30.6,29.56,29.56,4931475.0,147855764.0,196283592.0,0.025124234531024886
2025-09-29,29.56,29.97,29.0,29.23,3880100.0,113596252.0,196283592.0,0.019767826543545218
2025-09-30,29.38,29.6,28.23,28.52,7056943.0,203247549.0,196283592.0,0.035952791204269384
2025-10-09,28.68,28.74,27.6,28.54,6147500.0,173084253.0,196283592.0,0.031319479826923076
2025-10-10,28.3,28.8,27.94,28.1,5343700.0,151184948.0,196283592.0,0.027224384603680984
2025-10-13,27.3,27.93,27.07,27.44,4872900.0,133565880.0,196283592.0,0.024825814273869616
2025-10-14,27.4,28.4,27.4,27.61,4943500.0,137899263.0,196283592.0,0.02518549792995433
2025-10-15,27.6,28.94,27.54,28.75,5815732.0,166111528.0,196283592.0,0.02962923156613111
2025-10-16,28.58,28.97,27.97,28.08,4367300.0,123754470.0,196283592.0,0.022249949450690712
2025-10-17,28.07,28.73,27.71,27.79,6150299.0,173330185.0,196283592.0,0.031333739806432725
2025-10-20,27.91,28.05,26.93,27.29,4703147.0,128593003.0,196283592.0,0.02396097886775987
2025-10-21,27.38,27.68,27.19,27.54,3526700.0,96729170.0,196283592.0,0.0179673703953818
2025-10-22,27.48,27.73,27.24,27.33,2731400.0,74980257.0,196283592.0,0.013915579861611663
2025-10-23,27.43,27.49,26.88,27.42,2858100.0,77452012.0,196283592.0,0.01456107446821128
2025-10-24,27.46,28.08,27.31,27.57,3521200.0,97168031.0,196283592.0,0.01793934971395877
2025-10-27,27.78,27.99,27.2,27.3,4735612.0,130182495.0,196283592.0,0.02412637730819599
2025-10-28,27.3,29.81,27.09,28.95,10249029.0,292884738.0,196283592.0,0.05221541390989014
2025-10-29,28.69,28.85,27.63,28.39,8708600.0,244460824.0,196283592.0,0.04436743749829074
2025-10-30,29.05,29.39,28.0,28.05,7209410.0,206679104.0,196283592.0,0.03672956015600122
2025-10-31,28.1,29.8,27.93,29.45,10282200.0,298529340.0,196283592.0,0.0523844091868871
2025-11-03,29.45,29.86,28.97,29.12,7706624.0,226824734.0,196283592.0,0.039262701082014025
2025-11-04,29.08,29.31,28.05,28.46,5665270.0,161764595.0,196283592.0,0.028862677426445302
2025-11-05,28.2,28.51,28.01,28.24,3997053.0,112961192.0,196283592.0,0.02036366340799388
2025-11-06,28.14,28.51,27.98,28.16,3923854.0,110564163.0,196283592.0,0.019990738706269447
2025-11-07,27.81,28.95,27.12,28.32,8165752.0,228983469.0,196283592.0,0.04160180643117638
2025-11-10,28.2,29.47,28.06,29.04,6285000.0,181287663.0,196283592.0,0.032019996862498824
2025-11-11,29.05,30.1,28.83,29.06,4743999.0,139195085.0,196283592.0,0.024169106300031436
2025-11-12,29.06,29.45,28.71,28.91,3846364.0,111795635.0,196283592.0,0.0195959527783657
2025-11-13,28.9,29.2,28.55,29.15,2767100.0,80081640.0,196283592.0,0.014097459557393876
2025-11-14,28.95,29.19,28.72,28.72,2428100.0,70151413.0,196283592.0,0.012370366647865299
2025-11-17,28.73,29.44,28.19,28.94,3664100.0,105579451.0,196283592.0,0.018667377964022586
2025-11-18,28.6,29.36,28.51,28.99,3471800.0,100339223.0,196283592.0,0.017687673048086466
2025-11-19,28.92,29.05,28.0,28.33,3470464.0,98699650.0,196283592.0,0.017680866569835342
2025-11-20,28.4,28.48,27.61,27.72,2462500.0,68782081.0,196283592.0,0.012545623273492977
2025-11-21,27.47,27.85,26.29,26.88,4959300.0,133762631.0,196283592.0,0.02526599370567867
2025-11-24,26.86,27.7,26.78,27.48,2814007.0,76889261.0,196283592.0,0.014336435212577525
2025-11-25,27.77,29.35,27.77,28.45,6823899.0,196681205.0,196283592.0,0.034765509080351455
2025-11-26,28.55,28.84,27.55,27.55,4276842.0,120137659.0,196283592.0,0.021789095850660814
2025-11-27,27.56,27.78,27.24,27.27,2656200.0,73083066.0,196283592.0,0.013532460726518598
2025-11-28,27.34,27.8,27.0,27.76,3123000.0,85694747.0,196283592.0,0.015910652378931397
2025-12-01,27.76,27.96,27.39,27.79,2334700.0,64781265.0,196283592.0,0.011894524530608753
2025-12-02,27.77,27.93,27.41,27.52,1880100.0,51991378.0,196283592.0,0.009578487844261583
2025-12-03,27.52,27.74,27.21,27.38,1935500.0,53080182.0,196283592.0,0.00986073252623174
2025-12-04,27.38,27.54,27.02,27.08,1913700.0,52029160.0,196283592.0,0.009749668734409548
2025-12-05,27.24,27.24,26.6,27.15,2010900.0,54063804.0,196283592.0,0.010244870595194732
2025-12-08,27.16,27.24,26.85,26.92,2735600.0,73901441.0,196283592.0,0.013936977472880158
2025-12-09,25.98,26.3,24.81,25.33,8397180.0,213532281.0,196283592.0,0.042780855569425284
2025-12-10,25.44,25.45,24.52,24.73,5749500.0,142807473.0,196283592.0,0.029291801425765634
2025-12-11,24.87,25.29,24.56,25.15,4914678.0,122881223.0,196283592.0,0.025038659369958954
2025-12-12,24.96,25.02,24.34,24.42,4125875.0,101708608.0,196283592.0,0.021019968902953438
2025-12-15,24.28,24.83,24.25,24.52,3329707.0,81979044.0,196283592.0,0.01696375619618781
2025-12-16,25.26,25.76,24.9,24.95,5851730.0,147809383.0,196283592.0,0.029812629473379516
2025-12-17,24.92,25.98,24.73,25.05,5088100.0,128862506.0,196283592.0,0.025922187117912537
2025-12-18,24.87,25.56,24.69,25.08,3610300.0,91068389.0,196283592.0,0.018393284753011857
2025-12-19,25.04,25.44,24.95,25.38,2957400.0,74662523.0,196283592.0,0.015066975134630713
2025-12-22,25.36,25.84,25.02,25.47,4078400.0,103509329.0,196283592.0,0.020778099475579192
2025-12-23,25.36,25.36,24.81,24.89,3724000.0,93252069.0,196283592.0,0.01897254865806613
2025-12-24,24.9,25.25,24.83,25.17,2174701.0,54490800.0,196283592.0,0.011079382529335411
2025-12-25,25.06,25.42,25.05,25.18,2788170.0,70434258.0,196283592.0,0.014204804240590828
2025-12-26,25.18,25.26,24.81,24.95,2647187.0,66281314.0,196283592.0,0.013486542471670276
2025-12-29,25.07,25.13,24.68,24.84,2701158.0,67167286.0,196283592.0,0.013761506871139794
2025-12-30,24.85,25.4,24.6,24.95,3148400.0,79073736.0,196283592.0,0.0160400569804123
2025-12-31,24.9,25.45,24.9,25.33,2934500.0,74122789.0,196283592.0,0.014950307206523916
2026-01-05,25.32,25.98,25.2,25.81,4368147.0,112250102.0,196283592.0,0.02225426463562986
2026-01-06,25.81,26.71,25.64,26.22,5155919.0,135626118.0,196283592.0,0.026267702498535894
2026-01-07,26.25,26.4,25.86,26.26,3430819.0,89713121.0,196283592.0,0.017478888403468795
2026-01-08,26.05,26.9,26.0,26.6,3622222.0,96199555.0,196283592.0,0.018454023400998287
2026-01-09,26.51,26.88,26.3,26.74,3028966.0,80468237.0,196283592.0,0.01543158024130718
2026-01-12,27.1,30.68,27.1,30.24,20739105.0,614672142.0,196283592.0,0.10565888258250337
2026-01-13,30.3,31.38,29.93,30.07,15526300.0,476245628.0,196283592.0,0.07910136472334377
2026-01-14,30.06,33.0,29.96,31.23,30346123.0,956450919.0,196283592.0,0.15460346272856063
2026-01-15,30.97,31.16,29.72,30.1,15039854.0,454555136.0,196283592.0,0.0766230831968879
2026-01-16,29.88,30.04,28.63,28.73,11265008.0,328510048.0,196283592.0,0.05739149098106988
2026-01-19,28.73,28.77,27.75,27.93,7684312.0,215788650.0,196283592.0,0.03914902881948482
2026-01-20,27.94,28.52,27.5,27.89,7597200.0,212283187.0,196283592.0,0.03870522198309882
2026-01-21,27.9,29.38,27.7,28.77,10270090.0,293891223.0,196283592.0,0.05232271274106294
2026-01-22,28.7,31.2,28.49,30.81,15009321.0,452643730.0,196283592.0,0.07646752765763529
2026-01-23,30.8,32.06,30.23,31.42,11159102.0,349918943.0,196283592.0,0.05685193492892671
2026-01-26,31.47,31.9,30.23,30.7,9840300.0,302365833.0,196283592.0,0.05013307480128038
2026-01-27,30.7,31.97,30.57,31.5,9775057.0,305824583.0,196283592.0,0.0498006832889017
2026-01-28,30.78,32.33,30.51,30.66,7517900.0,234265623.0,196283592.0,0.038301214703672225
2026-01-29,30.66,32.22,30.0,30.73,7025900.0,219358317.0,196283592.0,0.03579463738364845
2026-01-30,30.55,30.73,28.9,29.74,9278349.0,274804589.0,196283592.0,0.047270120265579814
